n_evals,cid
100,0.3152394512229296
200,0.24144517551980427
300,0.1869056607361845
400,0.17211219874727454
500,0.15891485904998115
600,0.1417636601541483
700,0.13010427714221195
800,0.12605793265075999
900,0.1238505427202815
1000,0.11990371304192052
