Index,mut_extent_1,mut_extent_2,vertex_control,Fitness_Confidence_Expected,Fitness_Brightness,Fitness_Distance_Input,Critical
0,-7.866292,4.955307,3.360659,-1.000000,0.823924,0.000000,1
1,-7.034732,3.303382,19.692781,-0.838927,0.672597,0.000000,1
2,-6.046779,5.176003,22.611869,-0.999974,0.763365,0.000000,1
3,-5.943445,5.503540,3.468980,-0.999999,0.815214,0.000000,1
4,6.694278,-6.929547,1.709821,-1.000000,0.818030,0.000000,1
5,7.259549,-5.672091,21.107330,-0.999580,0.697436,0.000000,1
