Index,mut_extent_1,mut_extent_2,vertex_control,Fitness_Confidence_Expected,Fitness_Brightness,Fitness_Distance_Input,Critical
0,-5.940410,-6.614545,18.555923,-0.983569,0.676658,0.000000,1
1,-5.560195,-2.717494,18.724197,-0.987881,0.684470,0.000000,1
2,-5.204532,-7.692143,18.122746,-0.969826,0.667589,0.000000,1
3,-1.645177,7.197432,12.424472,-1.000000,0.774683,0.000000,1
4,0.870194,7.038567,8.847557,0.940180,0.652941,0.000000,0
5,2.334075,6.383355,9.064160,0.560181,0.665872,0.000000,0
6,5.234781,7.548987,1.345448,-0.999633,0.686934,0.000000,1
7,7.110038,1.990242,8.834679,-0.999990,0.737590,0.000000,1
8,7.683188,0.591225,13.211010,-0.999998,0.763867,0.000000,1
