n_evals,cid
100,0.22585096497195073
200,0.17994689493304758
300,0.17118787972784882
400,0.1539529508648196
500,0.14586224393145594
600,0.1410313528898305
700,0.139356018865843
800,0.13423539937956608
900,0.13005340676658342
1000,0.1262163086900743
