region,lower_bound,upper_bound
region 0,[-8.         -8.         14.26216841],[ 7.27424502 -6.23232698 21.        ]
region 1,[-8. -8.  0.],[ 8.         -7.15074754  3.91962898]
