n_evals,cid
100,0.24778829790330534
200,0.21047170737689316
300,0.18366184626080806
400,0.17120564696928595
500,0.15878738470484993
600,0.15266641315095725
700,0.1461620226737412
800,0.14369453397422344
900,0.14297338763826042
1000,0.13682902114192838
