n_evals,cid
100,0.17674014559715834
200,0.1328648934983424
300,0.11790874706113935
400,0.10752951461706182
500,0.09925408621881461
600,0.0909231187590422
700,0.08696617731968079
800,0.08206468270232958
900,0.07857821530433128
1000,0.07597884785259716
