n_evals,cid
100,0.2519226674493562
200,0.22053859451052088
300,0.2034171437420198
400,0.18541866268292687
500,0.17366491823698618
600,0.15680542749158755
700,0.14988081983113288
800,0.1367788229120292
900,0.12155161715000634
1000,0.12044063334507026
