region,lower_bound,upper_bound
region 0,[-7.68922353 -1.4700256   0.        ],[ 8.          7.07621193 14.4922061 ]
region 1,[-8. -8.  0.],[ 8.        -1.4700256 21.       ]
