n_evals,cid
100,0.2930901233935844
200,0.27076171659239423
300,0.2598373335083621
400,0.24463817434924168
500,0.2335356965267818
600,0.21390304465148258
700,0.20704200114188892
800,0.1983883490165888
900,0.1915023103440006
1000,0.18479666080006923
