Index,mut_extent_1,mut_extent_2,vertex_control,Fitness_Confidence_Expected,Fitness_Brightness,Fitness_Distance_Input,Critical
0,-7.808301,7.819999,13.929074,-0.999966,0.776018,0.000000,1
1,-7.389419,1.075671,26.333400,-0.989652,0.700426,0.000000,1
2,-7.036359,-1.783178,27.801810,0.524855,0.653278,0.000000,0
3,-6.407907,7.940415,5.960420,-0.999998,0.825889,0.000000,1
4,-3.473726,6.423615,13.646496,-0.999997,0.777137,0.000000,1
5,4.728148,-7.794309,25.951871,-0.999531,0.716230,0.000000,1
6,4.775217,0.478161,3.131348,-0.836446,0.661648,0.000000,1
7,5.268791,0.915684,2.922720,-0.934147,0.666734,0.000000,1
8,5.729781,-4.534855,15.223105,-0.999960,0.773313,0.000000,1
