Index,mut_extent_1,mut_extent_2,vertex_control,Fitness_Confidence_Expected,Fitness_Brightness,Fitness_Distance_Input,Critical
0,-7.895709,-0.827847,18.773215,-0.910710,0.713100,0.000000,1
1,-7.834499,-6.460715,17.906614,-1.000000,0.741409,0.000000,1
2,-3.219574,-7.362310,17.845710,-0.998484,0.720205,0.000000,1
3,-1.646438,6.834909,5.246941,-0.435343,0.711738,0.000000,0
4,1.995777,7.878007,4.443393,-1.000000,0.789115,0.000000,1
5,6.138695,7.500269,2.895066,-0.999730,0.721322,0.000000,1
