region,lower_bound,upper_bound
region 0,[-8.         -6.89309502 15.28534889],[ 8.          8.         17.10270691]
region 1,[-8. -8.  0.],[ 8.         -6.89309502 17.10270691]
