region,lower_bound,upper_bound
region 0,[-4.01074553  4.68979096  0.        ],[ 8.          8.         15.82515478]
region 1,[-8.          2.34939205  0.        ],[-4.01074553  8.         29.        ]
