Index,mut_extent_1,mut_extent_2,vertex_control,Fitness_Confidence_Expected,Fitness_Brightness,Fitness_Distance_Input,Critical
0,-7.625752,4.317916,3.091436,-1.000000,0.814487,0.000000,1
1,-6.915354,2.367111,19.628174,-0.874295,0.670588,0.000000,0
2,-5.809904,7.403365,19.801070,-0.999866,0.699427,0.000000,1
3,0.938137,-7.002168,20.728103,-0.983900,0.685839,0.000000,1
4,3.188559,-7.809947,20.952480,-0.941637,0.670682,0.000000,0
