region,lower_bound,upper_bound
region 0,[-8.          3.6963582   6.36834741],[ 8.  8. 19.]
region 1,[-8.         -0.32943714  3.5240581 ],[8.         8.         6.36834741]
region 2,[-8. -8.  0.],[8.        8.        3.5240581]
