region,lower_bound,upper_bound
region 0,[-8.         -4.74689865  0.        ],[-3.99719346  8.         17.        ]
region 1,[-8.         -8.          0.12753414],[ 8.         -4.74689865 17.        ]
region 2,[-8. -8.  0.],[ 8.         -4.74689865  0.12753414]
