region,lower_bound,upper_bound
region 0,[-8.          5.11492062  0.        ],[-3.24505544  7.16037703  6.50771093]
