region,lower_bound,upper_bound
region 0,[-8.          6.99109077  0.        ],[ 3.0594359  8.        21.       ]
region 1,[-8.         -7.91290402  0.        ],[ 8.         -6.56413102 21.        ]
