region,lower_bound,upper_bound
region 0,[ 3.33142817 -8.         17.92780495],[ 4.74084091 -0.6482082  23.        ]
region 1,[-8.         -8.         15.28534889],[ 8.         -0.6482082  17.92780495]
region 2,[-8. -8.  0.],[ 8.         -0.6482082   2.59288824]
