Index,mut_extent_1,mut_extent_2,vertex_control,Fitness_Confidence_Expected,Fitness_Brightness,Fitness_Distance_Input,Critical
0,-2.308587,6.827725,8.150812,-1.000000,0.758622,0.000000,1
1,-1.425959,4.999866,10.461353,-0.999987,0.621719,0.000000,1
2,4.556042,4.112164,11.273548,-0.998919,0.577636,0.000000,1
3,5.310471,-2.302606,10.580006,-0.999998,0.651889,0.000000,1
4,5.741364,6.864613,11.363351,0.749649,0.530949,0.000000,0
5,6.235533,5.885223,10.288684,-0.086071,0.561610,0.000000,0
6,7.032036,-3.052810,10.541271,-0.999999,0.656747,0.000000,1
7,7.188443,5.171946,10.349277,0.443302,0.547639,0.000000,0
