Index,Ego_HostVelGain,Other_Velocity_mps,Other_Time_s,Fitness_Critical adapted distance,Fitness_Velocity at critical distance
0,0.529228,0.780359,0.895011,-0.980798,-2.637083
1,0.416381,1.099338,2.626943,-0.813213,-2.523082
2,0.448709,0.661064,0.131631,-0.848726,-2.491559
3,0.419546,0.788066,1.954082,-0.938036,-2.360440
4,0.385231,0.593713,0.064120,-0.910492,-2.339532
5,0.815537,1.025931,0.514080,-0.826493,-2.241357
6,0.550597,0.693816,0.432987,-0.903083,-2.351267
7,0.781339,1.988897,1.906857,-0.972552,-2.115702
