n_evals,cid
100,0.22136180352133544
200,0.1816129676754824
300,0.15683361266284035
400,0.1408246642873269
500,0.12312162665942271
600,0.11755808249449642
700,0.11371601749246159
800,0.1094887740885397
900,0.10712686310950159
1000,0.10386562738345916
