region,lower_bound,upper_bound
region 0,[0.1        1.13412851 3.94423509],[0.59607798 2.         5.        ]
region 1,[0.1 0.5 0. ],[0.59607798 1.13412851 5.        ]
