n_evals,cid
100,0.2354999647696688
200,0.21328770532651864
300,0.19493897043292
400,0.18602872239952603
500,0.17410230670874818
600,0.16696816990258648
700,0.16146275092559523
800,0.1566387503684555
900,0.15492756639129687
1000,0.15109902496844832
