region,lower_bound,upper_bound
region 0,[ 5.24776626 -8.          4.49895597],[ 7.99725628  8.         19.        ]
region 1,[-8. -8.  0.],[8.         8.         4.49895597]
