n_evals,cid
100,0.7682278199150545
200,0.4699946184535646
300,0.39663644430676903
400,0.2757892215496652
500,0.24630399795991614
600,0.23426318675520041
700,0.2278503642775796
800,0.22530514077201408
900,0.223270983848837
1000,0.21909832092197895
