region,lower_bound,upper_bound
region 0,[-8.         -7.00307894  0.        ],[8.         6.03356266 3.18300354]
region 1,[ 5.36370206 -8.          0.        ],[ 8.         -7.00307894 17.        ]
region 2,[-8. -8.  0.],[ 5.36370206 -7.00307894 17.        ]
