n_evals,cid
100,0.206583767391539
200,0.16653142427581258
300,0.1541674663940192
400,0.13636301853934185
500,0.13310282313033284
600,0.12185327574626957
700,0.11808125627972817
800,0.11339121127958669
900,0.11077992414489056
1000,0.10787197551181944
