region,lower_bound,upper_bound
region 0,[ 1.24283046 -8.          0.        ],[ 8.  8. 17.]
region 1,[-2.12655842 -8.          0.        ],[1.24283046 8.         2.61753702]
region 2,[-8. -8.  0.],[-2.12655842 -1.74360728 17.        ]
