n_evals,cid
200,0.248356255665744
400,0.20708402932805217
600,0.20708402932805217
800,0.19086389135089346
1000,0.19039877539663924
1200,0.1880323229081077
1400,0.16390836201177902
1600,0.1293140936257707
1800,0.12363340718241982
2000,0.12363340718241982
