n_evals,cid
100,0.35483203099824984
200,0.2625874872078566
300,0.2386345378096248
400,0.22932389219064808
500,0.18980714322451073
600,0.17675490153706505
700,0.16493705708072054
800,0.16243087876574983
900,0.15538682799437023
1000,0.15397320849994928
