n_evals,cid
100,0.3636032927899219
200,0.3049503522652102
300,0.2846991190949706
400,0.2533578055439349
500,0.2464873468164796
600,0.23691454567389153
700,0.22984241833154942
800,0.22136752049871009
900,0.21664164581023657
1000,0.21267862614721703
