n_evals,cid
100,0.27884910383746186
200,0.254249249240005
300,0.24595800937565462
400,0.23543268612755672
500,0.22334073122362944
600,0.21993364580077415
700,0.2142419951818026
800,0.21385711457701467
900,0.21385711457701467
1000,0.19392095276850077
