region,lower_bound,upper_bound
region 0,[ 2.33936393 -8.          0.        ],[8.         8.         7.26790857]
region 1,[-8. -8.  0.],[2.33936393 8.         6.30143809]
