n_evals,cid
100,0.4396442004333822
200,0.18830800897169467
300,0.15361008570125068
400,0.12427906278086058
500,0.12040301964387194
600,0.10753305414383489
700,0.10616903978948725
800,0.10343905341408466
900,0.09674535653708213
1000,0.09537775865729843
