n_evals,cid
100,0.4045158086062697
200,0.24502019943209888
300,0.183827275486563
400,0.17126385999946522
500,0.16477636195316023
600,0.1541488674504672
700,0.14328433996552725
800,0.14024358761592667
900,0.1372934643981082
1000,0.1337736503827855
