region,lower_bound,upper_bound
region 0,[ 6.46169925 -8.          0.        ],[ 8.  8. 21.]
region 1,[-6.42161965 -8.          0.        ],[-3.09004843  8.         21.        ]
region 2,[-8.         -8.          4.80711484],[-6.42161965  5.54517603 21.        ]
