n_evals,cid
100,0.39169004814590935
200,0.2892213980566907
300,0.284431962660945
400,0.26391501463808864
500,0.26285889448139155
600,0.24730324269728968
700,0.2299091233703883
800,0.22950425648409864
900,0.22950425648409864
1000,0.22660980562485858
