region,lower_bound,upper_bound
region 0,[-5.49860835  2.43635237  0.        ],[ 8.  8. 23.]
region 1,[-5.49860835 -8.          0.        ],[ 8.        -3.2816124 23.       ]
region 2,[-8. -8.  0.],[-5.49860835  8.         17.1677103 ]
