n_evals,cid
100,0.3710963211675141
200,0.2199559815041406
300,0.14975864457932692
400,0.11931619213570265
500,0.1117531580813463
600,0.10666086860849308
700,0.10009985204016407
800,0.09771691284570233
900,0.08999040269100554
1000,0.08598554391458517
