region,lower_bound,upper_bound
region 0,[-8.         -8.         13.36765718],[ 8.  8. 21.]
region 1,[ 5.89622235 -5.40873015  0.        ],[8.         8.         6.77852011]
region 2,[-6.90882039 -8.          0.        ],[5.89622235 8.         9.88132572]
