n_evals,cid
100,0.24405866992008082
200,0.18522922384016022
300,0.16543574048436355
400,0.14126011326971646
500,0.13003254016804552
600,0.12331546274615031
700,0.1160463145977512
800,0.1120650973844897
900,0.1048834425668896
1000,0.09758342226191334
