n_evals,cid
100,0.2887432577408143
200,0.1913325033866855
300,0.18139480968204302
400,0.16989826731279437
500,0.1512100593060171
600,0.13358438416105786
700,0.12880488373764373
800,0.12195312859768208
900,0.11852851803843967
1000,0.10854746816975973
