n_evals,cid
100,0.3270702988033338
200,0.2740103250934142
300,0.26045960835332
400,0.24332890805552138
500,0.23710186429449157
600,0.2320674346714586
700,0.22671472145813093
800,0.21585330165631886
900,0.21380472219476676
1000,0.21281610347081606
