Index,Ego_HostVelGain,Other_Velocity_mps,Other_Time_s,Fitness_Critical adapted distance,Fitness_Velocity at critical distance
0,0.878315,0.923224,0.012620,-0.959741,-2.602978
1,0.596656,0.860263,0.951133,-0.952610,-2.724889
2,0.430817,1.072693,2.389310,-0.913940,-2.627812
3,0.416679,0.821720,2.327635,-0.975051,-2.272125
4,0.405048,0.722722,1.721035,-0.987471,-2.220018
