n_evals,cid
100,0.19557795696040622
200,0.170416129892805
300,0.16055526469600329
400,0.15262043272169126
500,0.13995287940545256
600,0.12936697198953054
700,0.12229752023530768
800,0.1187388735083302
900,0.11738260729199185
1000,0.11177742455448889
