region,lower_bound,upper_bound
region 0,[0.45632499 0.80786449 0.        ],[0.4662565 2.        5.       ]
region 1,[0.1 0.5 0. ],[1.         0.80786449 5.        ]
