region,lower_bound,upper_bound
region 0,[-8.         -8.         13.27659941],[ 8.  8. 29.]
region 1,[-8.         -6.62123537  1.75490052],[8.         8.         6.40696597]
