n_evals,cid
100,0.352459164471579
200,0.27889117490555493
300,0.19316113034561824
400,0.18607991484539965
500,0.17697717607715777
600,0.14781146428891354
700,0.13266994273814295
800,0.12079646535672123
900,0.11942239625450439
1000,0.11771094417457204
