n_evals,cid
100,0.4723524983393613
200,0.43358527535697156
300,0.3649146457089646
400,0.29060187289732897
500,0.2903294467095486
600,0.2834921380696611
700,0.2761252641809278
800,0.27514381541811167
900,0.2536016840100332
1000,0.2536016840100332
