region,lower_bound,upper_bound
region 0,[-8.          6.12240505  0.        ],[8.         8.         5.61353755]
region 1,[-8.         -8.          3.62877047],[8.         6.12240505 5.40737557]
