Index,mut_extent_1,mut_extent_2,vertex_control,Fitness_Confidence_Expected,Fitness_Brightness,Fitness_Distance_Input,Critical
0,-7.757997,6.566250,14.357965,-0.999868,0.767028,0.000000,1
1,-2.106249,5.987231,13.766135,-0.999999,0.787913,0.000000,1
2,3.439696,3.269942,10.951986,0.996575,0.650682,0.000000,0
3,3.497879,3.847756,10.464500,0.997295,0.647392,0.000000,0
4,5.000320,-7.325159,28.279108,-0.996871,0.651416,0.000000,1
5,6.321085,-1.523486,15.177045,-0.999997,0.770291,0.000000,1
6,7.765780,-4.930448,5.429851,-0.997307,0.761307,0.000000,1
