region,lower_bound,upper_bound
region 0,[-8.         -8.         13.28406143],[ 8.  8. 21.]
region 1,[-8.         -8.          7.21500754],[ 2.37847245  8.         13.28406143]
region 2,[-8.         -0.19576932  0.        ],[8.         8.         7.21500754]
