region,lower_bound,upper_bound
region 0,[-8.         -4.03499842 11.19719505],[ 8.  8. 21.]
region 1,[-8.         -4.03499842  0.        ],[8.         8.         6.41950011]
region 2,[-8. -8.  0.],[-2.3688345  -4.03499842 21.        ]
