n_evals,cid
100,0.23030786140798507
200,0.20272257615375194
300,0.18376616767343504
400,0.18157877741185366
500,0.17202415872486165
600,0.16272968127163917
700,0.15680576133728572
800,0.14598384187523028
900,0.14381938800590907
1000,0.13777905588380918
