n_evals,cid
100,0.43448052391576125
200,0.39278974340657136
300,0.36224911524501807
400,0.3413740169482266
500,0.2924761222157508
600,0.25402463739854386
700,0.2352199533446099
800,0.22941830238897992
900,0.21880133223898812
1000,0.21522173554433463
