n_evals,cid
100,0.25776635362025774
200,0.20690012890591103
300,0.16910018496538934
400,0.15339914260807472
500,0.14824019106163483
600,0.1435006332097505
700,0.13925274657795245
800,0.13655261719219627
900,0.13408220334115742
1000,0.12972460336214264
