n_evals,cid
100,0.250164303441097
200,0.22260503577290927
300,0.20512048109988607
400,0.1770966012157906
500,0.1623606751810209
600,0.1527225320793896
700,0.14692366499683437
800,0.1428460116351698
900,0.14017332699151908
1000,0.13813470076695983
