n_evals,cid
100,0.4869779859780966
200,0.38693964608521686
300,0.3421620647269157
400,0.3009571568773491
500,0.2996270902360258
600,0.2892375094022684
700,0.2851180180291475
800,0.28300262883921967
900,0.2799776524166581
1000,0.27390944992389793
