region,lower_bound,upper_bound
region 0,[-4.75515604 -3.93354011  3.31851554],[ 8.         -3.84261751 21.        ]
region 1,[-8.         -8.          3.31851554],[-4.75515604 -3.84261751 21.        ]
region 2,[-8. -8.  0.],[ 8.         -3.84261751  3.31851554]
