region,lower_bound,upper_bound
region 0,[ 2.32944453 -8.          0.        ],[ 8.  8. 19.]
region 1,[-8.         -2.94251502  0.        ],[-6.57060146  8.         19.        ]
region 2,[-8. -8.  0.],[ 2.32944453 -4.58705187 19.        ]
