n_evals,cid
100,0.36137436444344234
200,0.30537764894398367
300,0.270892475701135
400,0.24544550194889606
500,0.23931913938824467
600,0.23172318099149872
700,0.21772906542812256
800,0.21312478772424112
900,0.2085727164157126
1000,0.20531969401228525
