n_evals,cid
100,0.45577862331015634
200,0.19889310393713416
300,0.19644539152475576
400,0.1790743065838921
500,0.14948087981111527
600,0.13664169113557087
700,0.1155290840245177
800,0.11434469078939195
900,0.1028323034713877
1000,0.1026246969397707
