region,lower_bound,upper_bound
region 0,[-5.66088104 -8.          6.62896204],[ 8.         -6.69409704  9.59479809]
region 1,[-8.          6.11164355  6.62896204],[-5.66088104  8.          9.59479809]
region 2,[-8. -8.  0.],[8.         8.         6.62896204]
