region,lower_bound,upper_bound
region 0,[-4.51271307 -8.          1.62010503],[ 8.         -5.58986282 21.        ]
region 1,[-8.         -8.          1.62010503],[-4.51271307  8.         21.        ]
