n_evals,cid
100,0.2633524911745335
200,0.23749069061815667
300,0.18071264524726569
400,0.16073648565555423
500,0.1518716790965497
600,0.13964766774638074
700,0.13605000987405413
800,0.13076962677382628
900,0.12595883923268317
1000,0.12288761386124285
