n_evals,cid
100,0.4400357904688496
200,0.38407933096524116
300,0.23658980899494159
400,0.22035852264460695
500,0.18439068351361082
600,0.1716903589094641
700,0.16478568817941544
800,0.1535425358028835
900,0.1502545459300137
1000,0.1457639342918267
