region,lower_bound,upper_bound
region 0,[ 1.67325914 -8.          0.        ],[ 8.  8. 21.]
region 1,[0.66770291 7.59024262 0.        ],[ 1.67325914  8.         21.        ]
region 2,[-8. -8.  0.],[ 1.67325914  7.59024262 21.        ]
