Index,mut_extent_1,mut_extent_2,vertex_control,Fitness_Confidence_Expected,Fitness_Brightness,Fitness_Distance_Input,Critical
0,-6.980057,1.535706,19.816741,-0.981750,0.688793,0.000000,1
1,-5.386813,6.950087,20.075893,-0.995077,0.698434,0.000000,1
2,3.675533,-6.815849,20.732913,-0.885485,0.668596,0.000000,0
3,4.465032,-6.062962,2.170206,-1.000000,0.808524,0.000000,1
4,7.071170,-7.450818,21.794577,-0.999999,0.754563,0.000000,1
