n_evals,cid
100,0.4140241473188321
200,0.3765704443747766
300,0.3376070567963944
400,0.25621859483632126
500,0.24040506366129613
600,0.2137641931307476
700,0.20846933071496088
800,0.20585931467027294
900,0.20557650938522537
1000,0.18867574337679646
