region,lower_bound,upper_bound
region 0,[-4.70236683 -8.          0.        ],[ 8.         -5.69523072 23.        ]
region 1,[-8.       -8.        1.853921],[-4.70236683  7.90092349 15.67685938]
