region,lower_bound,upper_bound
region 0,[-8.          3.45657444  0.        ],[ 8.          8.         17.15225315]
region 1,[-8.         -4.38374043  2.35256255],[8.         3.45657444 6.93196344]
region 2,[-8. -8.  0.],[ 8.         -4.38374043 17.15225315]
