region,lower_bound,upper_bound
region 0,[-8.00000000e+00  7.61800027e-03  3.38193452e+00],[8.         8.         7.53089762]
