n_evals,cid
100,0.43179931030368485
200,0.21051190793270988
300,0.15714570540037975
400,0.14434017589776607
500,0.138323899300877
600,0.12323147377289115
700,0.11028746467635814
800,0.1005697165716721
900,0.08720681552293774
1000,0.08715118635724414
