region,lower_bound,upper_bound
region 0,[-1.1758607  -8.          5.47574449],[8.         8.         7.64922595]
region 1,[-8.         -3.54195917  0.        ],[-1.1758607  8.         8.4400382]
region 2,[-8. -8.  0.],[-1.1758607  -3.54195917 23.        ]
