region,lower_bound,upper_bound
region 0,[-8.        -8.        11.4440608],[ 8.  8. 17.]
region 1,[-8.         -8.          5.32442522],[8.         8.         7.74409556]
region 2,[ 1.29443598 -8.          0.        ],[8.         8.         5.30594563]
