region,lower_bound,upper_bound
region 0,[ 0.97978693 -8.         15.66994619],[ 8.         -5.21568537 17.        ]
region 1,[-8.         -8.         14.96576262],[-7.57278252 -5.21568537 17.        ]
