n_evals,cid
100,0.1760447008621433
200,0.14701475507196907
300,0.128824257683206
400,0.12202287241031519
500,0.11510700755502741
600,0.10809677387351296
700,0.09997765619893628
800,0.09640516594706956
900,0.09412520005916548
1000,0.08976795579255127
