n_evals,cid
100,0.37580852110119956
200,0.2519060201094079
300,0.23916080220627825
400,0.21892499742466065
500,0.21472754360198518
600,0.21355918101476914
700,0.19776660772037374
800,0.17549190537027717
900,0.1693780616573982
1000,0.16471304306865778
