n_evals,cid
100,0.4380599527946483
200,0.41736099596766674
300,0.16699627975592388
400,0.13933954172238094
500,0.11752407467909191
600,0.10347802611879088
700,0.09578914671242232
800,0.09501498383480313
900,0.09008510776707351
1000,0.08508799620773301
