region,lower_bound,upper_bound
region 0,[-6.7962594  -8.         13.12304783],[ 8.  8. 21.]
region 1,[-6.53884888 -8.          0.        ],[ 8.          8.         10.20166349]
region 2,[-8. -8.  0.],[-6.7962594  8.        21.       ]
