n_evals,cid
100,0.194351885646554
200,0.16079652252602555
300,0.1370937282673634
400,0.12017374578122592
500,0.10863543864490618
600,0.10204116383169627
700,0.09369766580263975
800,0.08897099506221577
900,0.08575943776286904
1000,0.08048403604197021
