region,lower_bound,upper_bound
region 0,[ 3.38031983 -8.         12.87804651],[ 8.          6.74255419 21.        ]
region 1,[-8. -8.  0.],[8.         8.         3.91962922]
