n_evals,cid
100,0.32904464490835555
200,0.2340076950194851
300,0.19428328962933072
400,0.16846191097887483
500,0.15451894204216785
600,0.14534908263267157
700,0.13979205462549485
800,0.1374329771192345
900,0.13595804168527853
1000,0.13260234828163595
