n_evals,cid
100,0.29758200646949934
200,0.26849323592415186
300,0.23738593824544216
400,0.21577050277505985
500,0.19458073690546515
600,0.1898615710342028
700,0.18892559348107482
800,0.18705481837337098
900,0.1825240773638877
1000,0.1798296203051341
