n_evals,cid
100,0.27171164979672147
200,0.20012948151920332
300,0.17575053472852253
400,0.16433240206462651
500,0.15735014821855237
600,0.15311541603726758
700,0.14767525049211935
800,0.13133175116941795
900,0.12953301915005724
1000,0.12393393831686539
