region,lower_bound,upper_bound
region 0,[ 6.10781455 -4.22249019  7.90242887],[ 8.  8. 21.]
region 1,[-8.         -4.22249019  0.23958869],[8.         8.         7.90242887]
region 2,[-8.         -7.89810085  0.        ],[ 8.         -4.22249019 21.        ]
