n_evals,cid
200,0.2681750402261638
400,0.2681750402261638
600,0.23331780573350638
800,0.23331780573350638
1000,0.21041768097440042
1200,0.19237291166708315
1400,0.1786308550301348
1600,0.1651016846294977
1800,0.1651016846294977
2000,0.1651016846294977
