n_evals,cid
200,0.1737345015514644
400,0.12949109767820155
600,0.1126781441616009
800,0.11244518496415656
1000,0.1077609656492622
1200,0.09942258791377712
1400,0.08719656390724516
1600,0.08127279407478491
1800,0.07736629416237259
2000,0.07662410871188309
