region,lower_bound,upper_bound
region 0,[-8.         -5.40806603 11.25874376],[-3.44209552  8.         21.        ]
region 1,[-8.         -5.40806603  0.        ],[-3.44209552  8.          6.73824477]
region 2,[-8. -8.  0.],[ 8.         -5.40806603 21.        ]
