n_evals,cid
100,0.3888101251174276
200,0.25396967668505194
300,0.247086582469313
400,0.24292604393673767
500,0.23480230685898912
600,0.23374285308082055
700,0.23109710664210997
800,0.18661637707160333
900,0.17899409974911426
1000,0.1742585018433374
