n_evals,cid
100,0.6061133380177844
200,0.43941882930390724
300,0.328070754703204
400,0.2823142110227573
500,0.2465893754173237
600,0.23758911767377036
700,0.1901097011140123
800,0.18814657311136573
900,0.1829280425091871
1000,0.17933798957608868
