n_evals,cid
100,0.3285183641178671
200,0.2880584031066066
300,0.25496350671758067
400,0.2431568930944849
500,0.23611953188809953
600,0.22930032055544233
700,0.22521373684644025
800,0.2214310130014253
900,0.21589548602894892
1000,0.20843732500793336
