region,lower_bound,upper_bound
region 0,[ 4.33414745 -8.          0.        ],[ 8.  8. 19.]
region 1,[-8.         -7.39959502  0.        ],[3.43763602 8.         1.07471499]
