Index,mut_extent_1,mut_extent_2,vertex_control,Fitness_Confidence_Expected,Fitness_Brightness,Fitness_Distance_Input,Critical
0,-6.745094,-4.645518,10.924974,-0.999932,0.719823,0.000000,1
1,-5.928630,-5.858556,10.701751,-0.999994,0.737625,0.000000,1
2,0.108835,-7.477015,19.300425,-0.989591,0.702258,0.000000,1
3,1.119004,-6.283941,19.046479,-0.987325,0.695692,0.000000,1
4,1.786690,-4.606687,18.967960,-0.936164,0.675058,0.000000,0
5,4.578687,-3.989982,2.495134,-0.999998,0.778284,0.000000,1
6,5.986096,3.037186,11.304082,-1.000000,0.783333,0.000000,1
7,7.587776,-1.676114,21.218001,-0.999997,0.776663,0.000000,1
