n_evals,cid
100,0.5119158962842393
200,0.4358734577651436
300,0.4268368811831415
400,0.4250669743433267
500,0.4250669743433267
600,0.4220526474723288
700,0.3908717261488289
800,0.38044673354131936
900,0.38044673354131936
1000,0.35115333619987926
