region,lower_bound,upper_bound
region 0,[0.1 0.5 0. ],[0.4748525  1.34948397 3.09957695]
