region,lower_bound,upper_bound
region 0,[ 6.77654052 -3.20312297  0.        ],[8.         8.         8.31485081]
region 1,[-1.94091547 -8.          0.        ],[ 8.         -3.20312297  8.31485081]
