n_evals,cid
100,0.21499495194422943
200,0.14101028553491698
300,0.1270731639579298
400,0.1188428545233867
500,0.11515068271769607
600,0.11111516676525458
700,0.10493423559872514
800,0.10097527609538294
900,0.09700843576986688
1000,0.09407999162572708
