n_evals,cid
100,0.18853694729653891
200,0.159034558675059
300,0.14130609509860387
400,0.13446542494481864
500,0.118927390927288
600,0.1146507499716509
700,0.11157286191068667
800,0.10886631669356836
900,0.1072185363616779
1000,0.10597221623660776
