n_evals,cid
100,0.839960417871837
200,0.6601350767413287
300,0.6595281947863609
400,0.49813271562574096
500,0.44530504023717893
600,0.44530504023717893
700,0.40392477067005006
800,0.3959945921794786
900,0.3869889149284057
1000,0.3867979723040311
