region,lower_bound,upper_bound
region 0,[-8.         -2.81170499  5.22729254],[ 8.          0.54084051 19.        ]
region 1,[-8. -8.  0.],[8.         8.         5.22729254]
