region,lower_bound,upper_bound
region 0,[-8.          3.51132846  0.        ],[-4.12769306  8.         23.        ]
region 1,[-8.         -8.         13.47110033],[-7.81462431  3.51132846 23.        ]
region 2,[-8. -8.  0.],[-4.12769306  3.51132846 13.47110033]
