region,lower_bound,upper_bound
region 0,[-3.7592355  -8.          6.45073342],[8.         8.         8.24111867]
region 1,[-8. -8.  0.],[-3.7592355   8.          3.46399653]
