region,lower_bound,upper_bound
region 0,[-7.51782036  3.76305211  0.        ],[ 8.         6.5752995 29.       ]
region 1,[-7.51782036 -8.          0.        ],[ 8.          3.76305211 29.        ]
region 2,[-8. -8.  0.],[-7.51782036  8.         29.        ]
